wavelength_nm,cie_x,cie_y,cie_z,d50,normalized_x_weight,normalized_y_weight,normalized_z_weight
400,0.01431,0.000396,0.06785001,49.3081,0.000836683,0.000023153,0.003967082
425,0.21477,0.0073,1.0390501,58.9256,0.030013085,0.001020140,0.145202304
450,0.3362,0.038,1.77211,87.2472,0.069563626,0.007862635,0.366669833
475,0.1421,0.1126,1.0419,93.2383,0.031421103,0.024898073,0.230384571
500,0.0049,0.323,0.272,95.7237,0.001112368,0.073325495,0.061747786
525,0.1096,0.7932,0.05725001,99.614,0.025891901,0.187385547,0.013524741
550,0.4334499,0.9949501,0.008749999,102.317,0.105176741,0.241424925,0.002123190
575,0.8425,0.9154,0.0018,98.3265,0.196459709,0.213459012,0.000419736
600,1.0622,0.631,0.0008,97.6878,0.246081878,0.146184961,0.000185338
625,0.7514,0.321,0.0001,97.3816,0.173532612,0.074133575,0.000023095
650,0.2835,0.107,0.0,95.6672,0.064320459,0.024276152,0.000000000
675,0.0636,0.0232,0.0,101.068,0.015244170,0.005560767,0.000000000
700,0.01135916,0.004102,0.0,91.6035,0.001233847,0.000445565,0.000000000
