wavelength_nm,paper_red_log_sensitivity,paper_green_log_sensitivity,paper_blue_log_sensitivity,portra_midscale_density,portra_dmin_density,ektar_midscale_density,ektar_dmin_density,gold_midscale_density,gold_dmin_density,cie_illuminant_a
400,-4.00,-4.00,0.55,1.32,0.68,1.45,0.72,1.28,0.78,14.708
425,-4.00,-0.75,0.72,1.74,0.79,1.92,0.83,1.75,0.95,22.7883
450,-4.00,-0.40,1.05,1.90,0.81,2.10,0.86,1.78,0.98,33.0859
475,-4.00,-0.05,1.60,1.76,0.78,1.93,0.82,1.54,0.84,45.5174
500,-4.00,0.40,-1.40,1.60,0.74,1.58,0.71,1.38,0.66,59.8611
525,-4.00,0.45,-4.00,1.64,0.80,1.60,0.70,1.46,0.64,75.7903
550,-4.00,1.15,-4.00,1.60,0.64,1.62,0.62,1.51,0.64,92.912
575,-1.50,-1.50,-4.00,1.27,0.55,1.28,0.58,1.18,0.56,110.803
600,-1.10,-4.00,-4.00,0.76,0.30,0.83,0.32,0.72,0.31,129.043
625,-0.70,-4.00,-4.00,0.81,0.20,0.80,0.21,0.79,0.23,147.235
650,-0.50,-4.00,-4.00,1.02,0.19,0.99,0.20,0.98,0.26,165.028
675,-0.20,-4.00,-4.00,1.21,0.20,1.21,0.22,1.17,0.31,182.118
700,-0.05,-4.00,-4.00,1.28,0.22,1.32,0.25,1.17,0.31,198.261
