wavelength_nm,cie_x,cie_y,cie_z,d65,basis_r,basis_g,basis_b,portra_y_log,portra_m_log,portra_c_log,ektar_y_log,ektar_m_log,ektar_c_log,gold_y_log,gold_m_log,gold_c_log
400,0.01431,0.000396,0.06785001,82.7549,0.0254,0,0.9746,2.6,1.5,,2.0,0.9,,2.1,1.2,0.4
425,0.21477,0.0073,1.0390501,90.057,0.0254,0,0.9746,2.55,1.4,,2.05,0.7,,2.1,1.1,0.1
450,0.3362,0.038,1.77211,117.008,0.0273,0,0.9727,2.5,1.3,,2.1,0.55,,2.15,0.95,
475,0.1421,0.1126,1.0419,115.392,0,0.1865,0.8135,2.6,1.4,,2.15,0.55,,2.3,0.95,
500,0.0049,0.323,0.272,109.354,0,0.7035,0.2965,1.25,2.0,0.4,0.3,1.25,,0.0,1.55,0.1
525,0.1096,0.7932,0.05725001,106.239,0,1,0,,2.25,0.75,,1.55,,,1.9,0.4
550,0.4334499,0.9949501,0.008749999,104.046,0,1,0,,2.55,0.75,,1.8,0.2,,2.25,0.65
575,0.8425,0.9154,0.0018,96.0611,0.1199,0.8422,0.0379,,2.25,1.3,,1.55,0.4,,1.65,1.0
600,1.0622,0.631,0.0008,90.0062,0.7365,0.242,0.0215,,0.7,2.0,,0.3,1.55,,,1.55
625,0.7514,0.321,0.0001,85.4936,1,0,0,,,2.35,,,1.75,,,1.9
650,0.2835,0.107,0.0,80.0268,1,0,0,,,2.65,,,2.05,,,2.25
675,0.0636,0.0232,0.0,80.281,1,0,0,,,1.2,,,1.0,,,1.0
700,0.01135916,0.004102,0.0,71.6091,1,0,0,,,,,,0.3,,,
